{
  "images" : [
    {
      "filename" : "모두의 냉장고-텍스트로고-갈-민.png",
      "idiom" : "universal",
      "scale" : "1x"
    },
    {
      "filename" : "모두의 냉장고-텍스트로고-갈-민@2x.png",
      "idiom" : "universal",
      "scale" : "2x"
    },
    {
      "filename" : "모두의 냉장고-텍스트로고-갈-민@3x.png",
      "idiom" : "universal",
      "scale" : "3x"
    }
  ],
  "info" : {
    "author" : "xcode",
    "version" : 1
  }
}
